{"cameraMode":{"drawMode":0,"name":"Shaded","section":"Shading Mode"},"sceneLighting":false,"audioPlay":false,"sceneViewState":{"m_AlwaysRefresh":false,"showFog":true,"showSkybox":false,"showFlares":true,"showImageEffects":true,"showParticleSystems":true,"showVisualEffectGraphs":true,"m_FxEnabled":true},"in2DMode":false,"pivot":{"x":-0.7949817180633545,"y":-1.4708938598632813,"z":-0.4041481018066406},"rotation":{"x":-0.1363842487335205,"y":0.002077800687402487,"z":-0.00028679604292847216,"w":-0.9906611442565918},"size":4.615846633911133,"orthographic":false}