{"cameraMode":{"drawMode":0,"name":"Shaded","section":"Shading Mode"},"sceneLighting":true,"audioPlay":false,"sceneViewState":{"m_AlwaysRefresh":false,"showFog":true,"showSkybox":true,"showFlares":true,"showImageEffects":true,"showParticleSystems":true,"showVisualEffectGraphs":true,"m_FxEnabled":true},"in2DMode":false,"pivot":{"x":6.494060516357422,"y":0.006763458251953125,"z":14.748237609863282},"rotation":{"x":-0.11554795503616333,"y":-0.00834623258560896,"z":0.0009703637915663421,"w":-0.9932729601860046},"size":46.263084411621097,"orthographic":false}