{"cameraMode":{"drawMode":0,"name":"Shaded","section":"Shading Mode"},"sceneLighting":true,"audioPlay":false,"sceneViewState":{"m_AlwaysRefresh":false,"showFog":true,"showSkybox":true,"showFlares":true,"showImageEffects":true,"showParticleSystems":true,"showVisualEffectGraphs":true,"m_FxEnabled":true},"in2DMode":false,"pivot":{"x":6.494061470031738,"y":0.006764411926269531,"z":14.748236656188965},"rotation":{"x":-0.11554795503616333,"y":-0.00834623258560896,"z":0.0009703637915663421,"w":-0.9932729601860046},"size":378.8733215332031,"orthographic":false}